,artist_id,artist_name,duration_ms_x,track_id,track_name,popularity,album_id,album_name,album_release_date,album_type,danceability,energy,key,loudness,mode,speechiness,acousticness,instrumentalness,liveness,valence,tempo,duration_ms_y,time_signature
0,2mDlls63YpRsMjgpyXxyu6,Crosby & Nash,216400,5Io8lC51Ox5Wv9jwPdlcjT,Lay Me Down,41,3NbFrkeEDvGRX0iOt52rPd,Crosby & Nash,2004-08-10,album,0.59,0.4,10,-10.599,0,0.0248,0.884,2.59e-06,0.125,0.249,93.056,216400,4
1,2mDlls63YpRsMjgpyXxyu6,Crosby & Nash,245653,1OOGywhvtBYUPiPOlWMO3B,Puppeteer,16,3NbFrkeEDvGRX0iOt52rPd,Crosby & Nash,2004-08-10,album,0.486,0.494,6,-7.583,1,0.0261,0.729,0.00737,0.0858,0.3,135.064,245653,4
2,2mDlls63YpRsMjgpyXxyu6,Crosby & Nash,244160,3EdqEJZPi03yVFbaiiEwI1,Through Here Quite Often,18,3NbFrkeEDvGRX0iOt52rPd,Crosby & Nash,2004-08-10,album,0.667,0.125,3,-13.173,1,0.0326,0.922,1.74e-05,0.129,0.134,94.99,244160,4
3,2mDlls63YpRsMjgpyXxyu6,Crosby & Nash,45426,5uRldbMZuZy4PWYu3Lxhid,Grace,15,3NbFrkeEDvGRX0iOt52rPd,Crosby & Nash,2004-08-10,album,0.646,0.0479,5,-17.991,1,0.0507,0.995,0.95,0.105,0.175,63.624,45427,4
4,2mDlls63YpRsMjgpyXxyu6,Crosby & Nash,252093,7hY0wfRNJuqusawDTXZdJC,Jesus of Rio,16,3NbFrkeEDvGRX0iOt52rPd,Crosby & Nash,2004-08-10,album,0.708,0.327,5,-11.593,1,0.0306,0.865,5.25e-06,0.118,0.318,94.001,252093,4
5,2mDlls63YpRsMjgpyXxyu6,Crosby & Nash,254653,0br16IHGBX5hS6AHtUYgob,I Surrender,19,3NbFrkeEDvGRX0iOt52rPd,Crosby & Nash,2004-08-10,album,0.47,0.175,0,-13.942,1,0.0365,0.841,0.0217,0.0848,0.149,86.122,254653,4
6,2mDlls63YpRsMjgpyXxyu6,Crosby & Nash,284880,2IstgSTLDLT49ToJhsP5NR,Luck Dragon,12,3NbFrkeEDvGRX0iOt52rPd,Crosby & Nash,2004-08-10,album,0.697,0.442,7,-9.895,0,0.0297,0.599,0.00855,0.112,0.154,124.875,284880,4
7,2mDlls63YpRsMjgpyXxyu6,Crosby & Nash,214600,3cjY0WwUfoKKp1gkVOKQTL,Other Side of Town,10,3NbFrkeEDvGRX0iOt52rPd,Crosby & Nash,2004-08-10,album,0.522,0.305,0,-11.151,1,0.0272,0.757,0.00036,0.108,0.0971,134.25,214600,3
8,2mDlls63YpRsMjgpyXxyu6,Crosby & Nash,304600,220L9iDFq1zfLEsjiwt8Nn,Half Your Angels,13,3NbFrkeEDvGRX0iOt52rPd,Crosby & Nash,2004-08-10,album,0.399,0.0785,10,-14.099,1,0.0282,0.897,0.000134,0.0967,0.0396,99.657,304600,4
9,2mDlls63YpRsMjgpyXxyu6,Crosby & Nash,334386,6T3LyM69GYdoznmpPl8vMU,They Want It All,11,3NbFrkeEDvGRX0iOt52rPd,Crosby & Nash,2004-08-10,album,0.686,0.479,2,-9.335,1,0.0318,0.673,9e-05,0.187,0.554,104.453,334387,4
10,2mDlls63YpRsMjgpyXxyu6,Crosby & Nash,320680,33meTbbTpHIw8z55qI8qMR,How Does It Shine,12,3NbFrkeEDvGRX0iOt52rPd,Crosby & Nash,2004-08-10,album,0.597,0.64,7,-8.734,1,0.034,0.393,0.779,0.05,0.316,128.407,320680,4
11,2mDlls63YpRsMjgpyXxyu6,Crosby & Nash,369760,3xp7tfnBVgp2hXzolu0sZP,Don't Dig Here,13,3NbFrkeEDvGRX0iOt52rPd,Crosby & Nash,2004-08-10,album,0.579,0.631,2,-8.345,1,0.0267,0.28,0.00412,0.0966,0.597,177.958,369760,4
12,2mDlls63YpRsMjgpyXxyu6,Crosby & Nash,204160,5LDsUFlm2bZ0qfBRHiRVz2,Milky Way Tonight,13,3NbFrkeEDvGRX0iOt52rPd,Crosby & Nash,2004-08-10,album,0.638,0.324,7,-10.698,0,0.0266,0.258,5.39e-06,0.159,0.179,109.093,204160,4
13,2mDlls63YpRsMjgpyXxyu6,Crosby & Nash,213453,3yO3Lmn9oD2RmXgptDR8aT,Charlie,10,3NbFrkeEDvGRX0iOt52rPd,Crosby & Nash,2004-08-10,album,0.747,0.178,5,-14.228,1,0.0376,0.824,0.00101,0.108,0.119,104.059,213453,4
14,2mDlls63YpRsMjgpyXxyu6,Crosby & Nash,229200,3kGKIz1wEDD6QqSsldBwDc,Penguin in a Palm Tree,8,3NbFrkeEDvGRX0iOt52rPd,Crosby & Nash,2004-08-10,album,0.592,0.352,7,-9.508,1,0.0283,0.548,0.0,0.0896,0.199,94.487,229200,3
15,2mDlls63YpRsMjgpyXxyu6,Crosby & Nash,160906,0mxiOieM6NGAW8YCD44VAe,Michael (Hedges Here),10,3NbFrkeEDvGRX0iOt52rPd,Crosby & Nash,2004-08-10,album,0.41,0.0864,2,-15.563,1,0.0382,0.919,0.000231,0.0883,0.0737,101.831,160907,3
16,2mDlls63YpRsMjgpyXxyu6,Crosby & Nash,101706,3KK8EC2V3zHc23NUGrfMyy,Samurai,7,3NbFrkeEDvGRX0iOt52rPd,Crosby & Nash,2004-08-10,album,0.535,0.0428,6,-15.467,0,0.0765,0.816,0.0,0.193,0.56,90.682,101707,3
17,2mDlls63YpRsMjgpyXxyu6,Crosby & Nash,154466,1kDPQSq9VrOeoYkqXM9VVJ,Shining On Your Dreams,20,3NbFrkeEDvGRX0iOt52rPd,Crosby & Nash,2004-08-10,album,0.629,0.339,7,-11.116,1,0.0351,0.802,1.18e-05,0.107,0.412,78.057,154467,4
18,2mDlls63YpRsMjgpyXxyu6,Crosby & Nash,201866,0rWyeOp4SbKaRhbfnNEa9l,Live On (The Wall),12,3NbFrkeEDvGRX0iOt52rPd,Crosby & Nash,2004-08-10,album,0.589,0.106,2,-13.862,0,0.0337,0.932,0.000142,0.293,0.0599,69.683,201867,4
19,2mDlls63YpRsMjgpyXxyu6,Crosby & Nash,102146,1Z5ng6hqs2Xm2XmdKFpT7F,My Country Tis of Thee,25,3NbFrkeEDvGRX0iOt52rPd,Crosby & Nash,2004-08-10,album,0.638,0.0687,5,-13.655,1,0.0368,0.912,8.57e-06,0.11,0.127,82.687,102147,4
20,2mDlls63YpRsMjgpyXxyu6,Crosby & Nash,220775,2vTSy6O0W47RiIEdp0wDJ9,Immigration Man,9,1NtdaKwki5WefrqDzsHM0z,Live,1977-10-31,album,0.287,0.931,7,-6.562,1,0.255,0.37,9.04e-05,0.931,0.648,175.657,220775,3
21,2mDlls63YpRsMjgpyXxyu6,Crosby & Nash,220775,2vTSy6O0W47RiIEdp0wDJ9,Immigration Man,9,1NtdaKwki5WefrqDzsHM0z,Live,1977-10-31,album,0.287,0.931,7,-6.562,1,0.255,0.37,9.04e-05,0.931,0.648,175.657,220775,3
22,2E6Roj0oQnJIm2BeXwDica,Graham Nash,220775,2vTSy6O0W47RiIEdp0wDJ9,Immigration Man,9,1NtdaKwki5WefrqDzsHM0z,Live,1977-10-31,album,0.287,0.931,7,-6.562,1,0.255,0.37,9.04e-05,0.931,0.648,175.657,220775,3
23,2E6Roj0oQnJIm2BeXwDica,Graham Nash,220775,2vTSy6O0W47RiIEdp0wDJ9,Immigration Man,9,1NtdaKwki5WefrqDzsHM0z,Live,1977-10-31,album,0.287,0.931,7,-6.562,1,0.255,0.37,9.04e-05,0.931,0.648,175.657,220775,3
24,2mDlls63YpRsMjgpyXxyu6,Crosby & Nash,317733,0DVW75l90qrZJbinRACQZl,Lee Shore,9,1NtdaKwki5WefrqDzsHM0z,Live,1977-10-31,album,0.46,0.606,4,-9.656,0,0.0625,0.602,0.00856,0.98,0.502,85.074,317733,4
25,2mDlls63YpRsMjgpyXxyu6,Crosby & Nash,317733,0DVW75l90qrZJbinRACQZl,Lee Shore,9,1NtdaKwki5WefrqDzsHM0z,Live,1977-10-31,album,0.46,0.606,4,-9.656,0,0.0625,0.602,0.00856,0.98,0.502,85.074,317733,4
26,2E6Roj0oQnJIm2BeXwDica,Graham Nash,317733,0DVW75l90qrZJbinRACQZl,Lee Shore,9,1NtdaKwki5WefrqDzsHM0z,Live,1977-10-31,album,0.46,0.606,4,-9.656,0,0.0625,0.602,0.00856,0.98,0.502,85.074,317733,4
27,2E6Roj0oQnJIm2BeXwDica,Graham Nash,317733,0DVW75l90qrZJbinRACQZl,Lee Shore,9,1NtdaKwki5WefrqDzsHM0z,Live,1977-10-31,album,0.46,0.606,4,-9.656,0,0.0625,0.602,0.00856,0.98,0.502,85.074,317733,4
28,2mDlls63YpRsMjgpyXxyu6,Crosby & Nash,286133,69JHeVjpZGDSnBxuOVQ9fo,I Used To Be A King,7,1NtdaKwki5WefrqDzsHM0z,Live,1977-10-31,album,0.43,0.812,2,-8.195,1,0.319,0.226,0.0301,0.977,0.58,114.888,286133,3
29,2mDlls63YpRsMjgpyXxyu6,Crosby & Nash,286133,69JHeVjpZGDSnBxuOVQ9fo,I Used To Be A King,7,1NtdaKwki5WefrqDzsHM0z,Live,1977-10-31,album,0.43,0.812,2,-8.195,1,0.319,0.226,0.0301,0.977,0.58,114.888,286133,3
30,2E6Roj0oQnJIm2BeXwDica,Graham Nash,286133,69JHeVjpZGDSnBxuOVQ9fo,I Used To Be A King,7,1NtdaKwki5WefrqDzsHM0z,Live,1977-10-31,album,0.43,0.812,2,-8.195,1,0.319,0.226,0.0301,0.977,0.58,114.888,286133,3
31,2E6Roj0oQnJIm2BeXwDica,Graham Nash,286133,69JHeVjpZGDSnBxuOVQ9fo,I Used To Be A King,7,1NtdaKwki5WefrqDzsHM0z,Live,1977-10-31,album,0.43,0.812,2,-8.195,1,0.319,0.226,0.0301,0.977,0.58,114.888,286133,3
32,2mDlls63YpRsMjgpyXxyu6,Crosby & Nash,393693,1DUYMpIqz9pP4tT4ewCsaV,King Of The Mountain,3,1NtdaKwki5WefrqDzsHM0z,Live,1977-10-31,album,0.363,0.308,9,-13.434,1,0.0386,0.937,0.0271,0.905,0.146,78.808,393693,3
33,2mDlls63YpRsMjgpyXxyu6,Crosby & Nash,393693,1DUYMpIqz9pP4tT4ewCsaV,King Of The Mountain,3,1NtdaKwki5WefrqDzsHM0z,Live,1977-10-31,album,0.363,0.308,9,-13.434,1,0.0386,0.937,0.0271,0.905,0.146,78.808,393693,3
34,2E6Roj0oQnJIm2BeXwDica,Graham Nash,393693,1DUYMpIqz9pP4tT4ewCsaV,King Of The Mountain,3,1NtdaKwki5WefrqDzsHM0z,Live,1977-10-31,album,0.363,0.308,9,-13.434,1,0.0386,0.937,0.0271,0.905,0.146,78.808,393693,3
35,2E6Roj0oQnJIm2BeXwDica,Graham Nash,393693,1DUYMpIqz9pP4tT4ewCsaV,King Of The Mountain,3,1NtdaKwki5WefrqDzsHM0z,Live,1977-10-31,album,0.363,0.308,9,-13.434,1,0.0386,0.937,0.0271,0.905,0.146,78.808,393693,3
36,2mDlls63YpRsMjgpyXxyu6,Crosby & Nash,224173,68IuMlejDzqIe8dCFe39sN,Page 43,6,1NtdaKwki5WefrqDzsHM0z,Live,1977-10-31,album,0.531,0.42,4,-9.122,1,0.0417,0.629,0.00242,0.706,0.196,103.516,224173,4
37,2mDlls63YpRsMjgpyXxyu6,Crosby & Nash,224173,68IuMlejDzqIe8dCFe39sN,Page 43,6,1NtdaKwki5WefrqDzsHM0z,Live,1977-10-31,album,0.531,0.42,4,-9.122,1,0.0417,0.629,0.00242,0.706,0.196,103.516,224173,4
38,2E6Roj0oQnJIm2BeXwDica,Graham Nash,224173,68IuMlejDzqIe8dCFe39sN,Page 43,6,1NtdaKwki5WefrqDzsHM0z,Live,1977-10-31,album,0.531,0.42,4,-9.122,1,0.0417,0.629,0.00242,0.706,0.196,103.516,224173,4
39,2E6Roj0oQnJIm2BeXwDica,Graham Nash,224173,68IuMlejDzqIe8dCFe39sN,Page 43,6,1NtdaKwki5WefrqDzsHM0z,Live,1977-10-31,album,0.531,0.42,4,-9.122,1,0.0417,0.629,0.00242,0.706,0.196,103.516,224173,4
40,2mDlls63YpRsMjgpyXxyu6,Crosby & Nash,206666,7GVkZNDy7PpZZm2BUdWOmX,Fieldworker,3,1NtdaKwki5WefrqDzsHM0z,Live,1977-10-31,album,0.512,0.867,11,-6.25,0,0.0807,0.268,0.00388,0.703,0.638,122.541,206667,3
41,2mDlls63YpRsMjgpyXxyu6,Crosby & Nash,206666,7GVkZNDy7PpZZm2BUdWOmX,Fieldworker,3,1NtdaKwki5WefrqDzsHM0z,Live,1977-10-31,album,0.512,0.867,11,-6.25,0,0.0807,0.268,0.00388,0.703,0.638,122.541,206667,3
42,2E6Roj0oQnJIm2BeXwDica,Graham Nash,206666,7GVkZNDy7PpZZm2BUdWOmX,Fieldworker,3,1NtdaKwki5WefrqDzsHM0z,Live,1977-10-31,album,0.512,0.867,11,-6.25,0,0.0807,0.268,0.00388,0.703,0.638,122.541,206667,3
43,2E6Roj0oQnJIm2BeXwDica,Graham Nash,206666,7GVkZNDy7PpZZm2BUdWOmX,Fieldworker,3,1NtdaKwki5WefrqDzsHM0z,Live,1977-10-31,album,0.512,0.867,11,-6.25,0,0.0807,0.268,0.00388,0.703,0.638,122.541,206667,3
44,2mDlls63YpRsMjgpyXxyu6,Crosby & Nash,178560,2xf09KC8iTlyalfXoaYOnQ,Simple Man,12,1NtdaKwki5WefrqDzsHM0z,Live,1977-10-31,album,0.304,0.403,0,-13.283,1,0.0502,0.809,0.0276,0.808,0.224,130.407,178560,4
45,2mDlls63YpRsMjgpyXxyu6,Crosby & Nash,178560,2xf09KC8iTlyalfXoaYOnQ,Simple Man,12,1NtdaKwki5WefrqDzsHM0z,Live,1977-10-31,album,0.304,0.403,0,-13.283,1,0.0502,0.809,0.0276,0.808,0.224,130.407,178560,4
46,2E6Roj0oQnJIm2BeXwDica,Graham Nash,178560,2xf09KC8iTlyalfXoaYOnQ,Simple Man,12,1NtdaKwki5WefrqDzsHM0z,Live,1977-10-31,album,0.304,0.403,0,-13.283,1,0.0502,0.809,0.0276,0.808,0.224,130.407,178560,4
47,2E6Roj0oQnJIm2BeXwDica,Graham Nash,178560,2xf09KC8iTlyalfXoaYOnQ,Simple Man,12,1NtdaKwki5WefrqDzsHM0z,Live,1977-10-31,album,0.304,0.403,0,-13.283,1,0.0502,0.809,0.0276,0.808,0.224,130.407,178560,4
48,2mDlls63YpRsMjgpyXxyu6,Crosby & Nash,281400,2u4pb4jPCOvLF9vITenjue,Foolish Man,5,1NtdaKwki5WefrqDzsHM0z,Live,1977-10-31,album,0.427,0.316,7,-12.742,0,0.147,0.504,0.000618,0.929,0.354,145.863,281400,3
49,2mDlls63YpRsMjgpyXxyu6,Crosby & Nash,281400,2u4pb4jPCOvLF9vITenjue,Foolish Man,5,1NtdaKwki5WefrqDzsHM0z,Live,1977-10-31,album,0.427,0.316,7,-12.742,0,0.147,0.504,0.000618,0.929,0.354,145.863,281400,3
50,2E6Roj0oQnJIm2BeXwDica,Graham Nash,281400,2u4pb4jPCOvLF9vITenjue,Foolish Man,5,1NtdaKwki5WefrqDzsHM0z,Live,1977-10-31,album,0.427,0.316,7,-12.742,0,0.147,0.504,0.000618,0.929,0.354,145.863,281400,3
51,2E6Roj0oQnJIm2BeXwDica,Graham Nash,281400,2u4pb4jPCOvLF9vITenjue,Foolish Man,5,1NtdaKwki5WefrqDzsHM0z,Live,1977-10-31,album,0.427,0.316,7,-12.742,0,0.147,0.504,0.000618,0.929,0.354,145.863,281400,3
52,2mDlls63YpRsMjgpyXxyu6,Crosby & Nash,194373,6ul1DEva2jyIgrnaq8R395,Bittersweet,3,1NtdaKwki5WefrqDzsHM0z,Live,1977-10-31,album,0.448,0.252,7,-12.638,0,0.0415,0.877,8.67e-06,0.923,0.177,120.222,194373,3
53,2mDlls63YpRsMjgpyXxyu6,Crosby & Nash,194373,6ul1DEva2jyIgrnaq8R395,Bittersweet,3,1NtdaKwki5WefrqDzsHM0z,Live,1977-10-31,album,0.448,0.252,7,-12.638,0,0.0415,0.877,8.67e-06,0.923,0.177,120.222,194373,3
54,2E6Roj0oQnJIm2BeXwDica,Graham Nash,194373,6ul1DEva2jyIgrnaq8R395,Bittersweet,3,1NtdaKwki5WefrqDzsHM0z,Live,1977-10-31,album,0.448,0.252,7,-12.638,0,0.0415,0.877,8.67e-06,0.923,0.177,120.222,194373,3
55,2E6Roj0oQnJIm2BeXwDica,Graham Nash,194373,6ul1DEva2jyIgrnaq8R395,Bittersweet,3,1NtdaKwki5WefrqDzsHM0z,Live,1977-10-31,album,0.448,0.252,7,-12.638,0,0.0415,0.877,8.67e-06,0.923,0.177,120.222,194373,3
56,2mDlls63YpRsMjgpyXxyu6,Crosby & Nash,208226,0uhPprzsbDz3wOyUxHVips,Mama Lion,3,1NtdaKwki5WefrqDzsHM0z,Live,1977-10-31,album,0.448,0.796,7,-7.496,0,0.0501,0.355,0.00137,0.823,0.711,128.138,208227,3
57,2mDlls63YpRsMjgpyXxyu6,Crosby & Nash,208226,0uhPprzsbDz3wOyUxHVips,Mama Lion,3,1NtdaKwki5WefrqDzsHM0z,Live,1977-10-31,album,0.448,0.796,7,-7.496,0,0.0501,0.355,0.00137,0.823,0.711,128.138,208227,3
58,2E6Roj0oQnJIm2BeXwDica,Graham Nash,208226,0uhPprzsbDz3wOyUxHVips,Mama Lion,3,1NtdaKwki5WefrqDzsHM0z,Live,1977-10-31,album,0.448,0.796,7,-7.496,0,0.0501,0.355,0.00137,0.823,0.711,128.138,208227,3
59,2E6Roj0oQnJIm2BeXwDica,Graham Nash,208226,0uhPprzsbDz3wOyUxHVips,Mama Lion,3,1NtdaKwki5WefrqDzsHM0z,Live,1977-10-31,album,0.448,0.796,7,-7.496,0,0.0501,0.355,0.00137,0.823,0.711,128.138,208227,3
60,2mDlls63YpRsMjgpyXxyu6,Crosby & Nash,589926,5KFcnFcTRuShU0Rb1IXrnl,Déjà Vu,4,1NtdaKwki5WefrqDzsHM0z,Live,1977-10-31,album,0.465,0.42,4,-13.069,0,0.0579,0.581,0.317,0.844,0.315,115.765,589926,4
61,2mDlls63YpRsMjgpyXxyu6,Crosby & Nash,589926,5KFcnFcTRuShU0Rb1IXrnl,Déjà Vu,4,1NtdaKwki5WefrqDzsHM0z,Live,1977-10-31,album,0.465,0.42,4,-13.069,0,0.0579,0.581,0.317,0.844,0.315,115.765,589926,4
62,2E6Roj0oQnJIm2BeXwDica,Graham Nash,589926,5KFcnFcTRuShU0Rb1IXrnl,Déjà Vu,4,1NtdaKwki5WefrqDzsHM0z,Live,1977-10-31,album,0.465,0.42,4,-13.069,0,0.0579,0.581,0.317,0.844,0.315,115.765,589926,4
63,2E6Roj0oQnJIm2BeXwDica,Graham Nash,589926,5KFcnFcTRuShU0Rb1IXrnl,Déjà Vu,4,1NtdaKwki5WefrqDzsHM0z,Live,1977-10-31,album,0.465,0.42,4,-13.069,0,0.0579,0.581,0.317,0.844,0.315,115.765,589926,4
64,59zdhVoWxSoHMc74n098Re,David Crosby,171160,1pQMq8tCaFkXRwtCM3OuVt,Spotlight,6,3ZxH0M7Rmfy8RZ9y0H25tn,Whistling Down The Wire,1976,album,0.679,0.648,9,-9.205,1,0.0279,0.164,0.000333,0.0559,0.962,105.32,171160,4
65,59zdhVoWxSoHMc74n098Re,David Crosby,171160,1pQMq8tCaFkXRwtCM3OuVt,Spotlight,6,3ZxH0M7Rmfy8RZ9y0H25tn,Whistling Down The Wire,1976,album,0.679,0.648,9,-9.205,1,0.0279,0.164,0.000333,0.0559,0.962,105.32,171160,4
66,2E6Roj0oQnJIm2BeXwDica,Graham Nash,171160,1pQMq8tCaFkXRwtCM3OuVt,Spotlight,6,3ZxH0M7Rmfy8RZ9y0H25tn,Whistling Down The Wire,1976,album,0.679,0.648,9,-9.205,1,0.0279,0.164,0.000333,0.0559,0.962,105.32,171160,4
67,2E6Roj0oQnJIm2BeXwDica,Graham Nash,171160,1pQMq8tCaFkXRwtCM3OuVt,Spotlight,6,3ZxH0M7Rmfy8RZ9y0H25tn,Whistling Down The Wire,1976,album,0.679,0.648,9,-9.205,1,0.0279,0.164,0.000333,0.0559,0.962,105.32,171160,4
68,59zdhVoWxSoHMc74n098Re,David Crosby,164466,3S2F64BeHxnh6hPvdleO4o,Broken Bird,6,3ZxH0M7Rmfy8RZ9y0H25tn,Whistling Down The Wire,1976,album,0.565,0.15,4,-17.458,0,0.0338,0.425,0.00136,0.138,0.188,144.821,164467,4
69,59zdhVoWxSoHMc74n098Re,David Crosby,164466,3S2F64BeHxnh6hPvdleO4o,Broken Bird,6,3ZxH0M7Rmfy8RZ9y0H25tn,Whistling Down The Wire,1976,album,0.565,0.15,4,-17.458,0,0.0338,0.425,0.00136,0.138,0.188,144.821,164467,4
70,2E6Roj0oQnJIm2BeXwDica,Graham Nash,164466,3S2F64BeHxnh6hPvdleO4o,Broken Bird,6,3ZxH0M7Rmfy8RZ9y0H25tn,Whistling Down The Wire,1976,album,0.565,0.15,4,-17.458,0,0.0338,0.425,0.00136,0.138,0.188,144.821,164467,4
71,2E6Roj0oQnJIm2BeXwDica,Graham Nash,164466,3S2F64BeHxnh6hPvdleO4o,Broken Bird,6,3ZxH0M7Rmfy8RZ9y0H25tn,Whistling Down The Wire,1976,album,0.565,0.15,4,-17.458,0,0.0338,0.425,0.00136,0.138,0.188,144.821,164467,4
72,59zdhVoWxSoHMc74n098Re,David Crosby,152306,0IGP0gd06kTzUXvfB9srVS,Time After Time,6,3ZxH0M7Rmfy8RZ9y0H25tn,Whistling Down The Wire,1976,album,0.414,0.161,2,-16.312,1,0.0341,0.684,0.0138,0.115,0.285,94.992,152307,3
73,59zdhVoWxSoHMc74n098Re,David Crosby,152306,0IGP0gd06kTzUXvfB9srVS,Time After Time,6,3ZxH0M7Rmfy8RZ9y0H25tn,Whistling Down The Wire,1976,album,0.414,0.161,2,-16.312,1,0.0341,0.684,0.0138,0.115,0.285,94.992,152307,3
74,2E6Roj0oQnJIm2BeXwDica,Graham Nash,152306,0IGP0gd06kTzUXvfB9srVS,Time After Time,6,3ZxH0M7Rmfy8RZ9y0H25tn,Whistling Down The Wire,1976,album,0.414,0.161,2,-16.312,1,0.0341,0.684,0.0138,0.115,0.285,94.992,152307,3
75,2E6Roj0oQnJIm2BeXwDica,Graham Nash,152306,0IGP0gd06kTzUXvfB9srVS,Time After Time,6,3ZxH0M7Rmfy8RZ9y0H25tn,Whistling Down The Wire,1976,album,0.414,0.161,2,-16.312,1,0.0341,0.684,0.0138,0.115,0.285,94.992,152307,3
76,59zdhVoWxSoHMc74n098Re,David Crosby,290693,5mooj2lF5JwWRMGleqwXBr,Dancer,5,3ZxH0M7Rmfy8RZ9y0H25tn,Whistling Down The Wire,1976,album,0.357,0.379,2,-12.47,0,0.0294,0.286,0.304,0.135,0.234,95.586,290693,1
77,59zdhVoWxSoHMc74n098Re,David Crosby,290693,5mooj2lF5JwWRMGleqwXBr,Dancer,5,3ZxH0M7Rmfy8RZ9y0H25tn,Whistling Down The Wire,1976,album,0.357,0.379,2,-12.47,0,0.0294,0.286,0.304,0.135,0.234,95.586,290693,1
78,2E6Roj0oQnJIm2BeXwDica,Graham Nash,290693,5mooj2lF5JwWRMGleqwXBr,Dancer,5,3ZxH0M7Rmfy8RZ9y0H25tn,Whistling Down The Wire,1976,album,0.357,0.379,2,-12.47,0,0.0294,0.286,0.304,0.135,0.234,95.586,290693,1
79,2E6Roj0oQnJIm2BeXwDica,Graham Nash,290693,5mooj2lF5JwWRMGleqwXBr,Dancer,5,3ZxH0M7Rmfy8RZ9y0H25tn,Whistling Down The Wire,1976,album,0.357,0.379,2,-12.47,0,0.0294,0.286,0.304,0.135,0.234,95.586,290693,1
80,59zdhVoWxSoHMc74n098Re,David Crosby,285200,6oxOkjnpKYk8KCgZOzLs1O,Mutiny,6,3ZxH0M7Rmfy8RZ9y0H25tn,Whistling Down The Wire,1976,album,0.599,0.608,4,-10.904,0,0.0537,0.188,0.0373,0.0727,0.838,76.609,285200,4
81,59zdhVoWxSoHMc74n098Re,David Crosby,285200,6oxOkjnpKYk8KCgZOzLs1O,Mutiny,6,3ZxH0M7Rmfy8RZ9y0H25tn,Whistling Down The Wire,1976,album,0.599,0.608,4,-10.904,0,0.0537,0.188,0.0373,0.0727,0.838,76.609,285200,4
82,2E6Roj0oQnJIm2BeXwDica,Graham Nash,285200,6oxOkjnpKYk8KCgZOzLs1O,Mutiny,6,3ZxH0M7Rmfy8RZ9y0H25tn,Whistling Down The Wire,1976,album,0.599,0.608,4,-10.904,0,0.0537,0.188,0.0373,0.0727,0.838,76.609,285200,4
83,2E6Roj0oQnJIm2BeXwDica,Graham Nash,285200,6oxOkjnpKYk8KCgZOzLs1O,Mutiny,6,3ZxH0M7Rmfy8RZ9y0H25tn,Whistling Down The Wire,1976,album,0.599,0.608,4,-10.904,0,0.0537,0.188,0.0373,0.0727,0.838,76.609,285200,4
84,59zdhVoWxSoHMc74n098Re,David Crosby,161506,502o4BCA05OKlLDbbrxqxS,J.B.'s Blues,4,3ZxH0M7Rmfy8RZ9y0H25tn,Whistling Down The Wire,1976,album,0.675,0.502,7,-10.361,1,0.0316,0.478,0.0193,0.116,0.895,92.458,161507,4
85,59zdhVoWxSoHMc74n098Re,David Crosby,161506,502o4BCA05OKlLDbbrxqxS,J.B.'s Blues,4,3ZxH0M7Rmfy8RZ9y0H25tn,Whistling Down The Wire,1976,album,0.675,0.502,7,-10.361,1,0.0316,0.478,0.0193,0.116,0.895,92.458,161507,4
86,2E6Roj0oQnJIm2BeXwDica,Graham Nash,161506,502o4BCA05OKlLDbbrxqxS,J.B.'s Blues,4,3ZxH0M7Rmfy8RZ9y0H25tn,Whistling Down The Wire,1976,album,0.675,0.502,7,-10.361,1,0.0316,0.478,0.0193,0.116,0.895,92.458,161507,4
87,2E6Roj0oQnJIm2BeXwDica,Graham Nash,161506,502o4BCA05OKlLDbbrxqxS,J.B.'s Blues,4,3ZxH0M7Rmfy8RZ9y0H25tn,Whistling Down The Wire,1976,album,0.675,0.502,7,-10.361,1,0.0316,0.478,0.0193,0.116,0.895,92.458,161507,4
88,59zdhVoWxSoHMc74n098Re,David Crosby,253160,54aW03hDcZPHiltGSszZiY,Marguerita,5,3ZxH0M7Rmfy8RZ9y0H25tn,Whistling Down The Wire,1976,album,0.622,0.314,4,-14.197,0,0.0289,0.595,0.0166,0.105,0.317,106.684,253160,3
89,59zdhVoWxSoHMc74n098Re,David Crosby,253160,54aW03hDcZPHiltGSszZiY,Marguerita,5,3ZxH0M7Rmfy8RZ9y0H25tn,Whistling Down The Wire,1976,album,0.622,0.314,4,-14.197,0,0.0289,0.595,0.0166,0.105,0.317,106.684,253160,3
90,2E6Roj0oQnJIm2BeXwDica,Graham Nash,253160,54aW03hDcZPHiltGSszZiY,Marguerita,5,3ZxH0M7Rmfy8RZ9y0H25tn,Whistling Down The Wire,1976,album,0.622,0.314,4,-14.197,0,0.0289,0.595,0.0166,0.105,0.317,106.684,253160,3
91,2E6Roj0oQnJIm2BeXwDica,Graham Nash,253160,54aW03hDcZPHiltGSszZiY,Marguerita,5,3ZxH0M7Rmfy8RZ9y0H25tn,Whistling Down The Wire,1976,album,0.622,0.314,4,-14.197,0,0.0289,0.595,0.0166,0.105,0.317,106.684,253160,3
92,59zdhVoWxSoHMc74n098Re,David Crosby,187600,4UAtcSbVKeoExPN48fAvNe,Taken At All,13,3ZxH0M7Rmfy8RZ9y0H25tn,Whistling Down The Wire,1976,album,0.544,0.275,7,-14.108,1,0.0319,0.233,0.000304,0.0939,0.299,146.538,187600,4
93,59zdhVoWxSoHMc74n098Re,David Crosby,187600,4UAtcSbVKeoExPN48fAvNe,Taken At All,13,3ZxH0M7Rmfy8RZ9y0H25tn,Whistling Down The Wire,1976,album,0.544,0.275,7,-14.108,1,0.0319,0.233,0.000304,0.0939,0.299,146.538,187600,4
94,2E6Roj0oQnJIm2BeXwDica,Graham Nash,187600,4UAtcSbVKeoExPN48fAvNe,Taken At All,13,3ZxH0M7Rmfy8RZ9y0H25tn,Whistling Down The Wire,1976,album,0.544,0.275,7,-14.108,1,0.0319,0.233,0.000304,0.0939,0.299,146.538,187600,4
95,2E6Roj0oQnJIm2BeXwDica,Graham Nash,187600,4UAtcSbVKeoExPN48fAvNe,Taken At All,13,3ZxH0M7Rmfy8RZ9y0H25tn,Whistling Down The Wire,1976,album,0.544,0.275,7,-14.108,1,0.0319,0.233,0.000304,0.0939,0.299,146.538,187600,4
96,59zdhVoWxSoHMc74n098Re,David Crosby,269640,5kzjR03qXF7epHceUNs577,Foolish Man,6,3ZxH0M7Rmfy8RZ9y0H25tn,Whistling Down The Wire,1976,album,0.517,0.206,10,-13.749,1,0.0347,0.766,0.00211,0.108,0.19,106.656,269640,4
97,59zdhVoWxSoHMc74n098Re,David Crosby,269640,5kzjR03qXF7epHceUNs577,Foolish Man,6,3ZxH0M7Rmfy8RZ9y0H25tn,Whistling Down The Wire,1976,album,0.517,0.206,10,-13.749,1,0.0347,0.766,0.00211,0.108,0.19,106.656,269640,4
98,2E6Roj0oQnJIm2BeXwDica,Graham Nash,269640,5kzjR03qXF7epHceUNs577,Foolish Man,6,3ZxH0M7Rmfy8RZ9y0H25tn,Whistling Down The Wire,1976,album,0.517,0.206,10,-13.749,1,0.0347,0.766,0.00211,0.108,0.19,106.656,269640,4
99,2E6Roj0oQnJIm2BeXwDica,Graham Nash,269640,5kzjR03qXF7epHceUNs577,Foolish Man,6,3ZxH0M7Rmfy8RZ9y0H25tn,Whistling Down The Wire,1976,album,0.517,0.206,10,-13.749,1,0.0347,0.766,0.00211,0.108,0.19,106.656,269640,4
100,59zdhVoWxSoHMc74n098Re,David Crosby,264382,03DX9rydcmzoSmDmdPYLp0,Out Of The Darkness,6,3ZxH0M7Rmfy8RZ9y0H25tn,Whistling Down The Wire,1976,album,0.341,0.317,0,-10.0,0,0.0278,0.751,4.52e-05,0.163,0.141,137.507,264382,4
101,59zdhVoWxSoHMc74n098Re,David Crosby,264382,03DX9rydcmzoSmDmdPYLp0,Out Of The Darkness,6,3ZxH0M7Rmfy8RZ9y0H25tn,Whistling Down The Wire,1976,album,0.341,0.317,0,-10.0,0,0.0278,0.751,4.52e-05,0.163,0.141,137.507,264382,4
102,2E6Roj0oQnJIm2BeXwDica,Graham Nash,264382,03DX9rydcmzoSmDmdPYLp0,Out Of The Darkness,6,3ZxH0M7Rmfy8RZ9y0H25tn,Whistling Down The Wire,1976,album,0.341,0.317,0,-10.0,0,0.0278,0.751,4.52e-05,0.163,0.141,137.507,264382,4
103,2E6Roj0oQnJIm2BeXwDica,Graham Nash,264382,03DX9rydcmzoSmDmdPYLp0,Out Of The Darkness,6,3ZxH0M7Rmfy8RZ9y0H25tn,Whistling Down The Wire,1976,album,0.341,0.317,0,-10.0,0,0.0278,0.751,4.52e-05,0.163,0.141,137.507,264382,4
104,59zdhVoWxSoHMc74n098Re,David Crosby,214400,57ZIrxCXkmZ82u3pLZfKwv,Carry Me,30,21Ib9p6CPmysyoRG55DlgT,Wind On The Water,1975,album,0.686,0.28,4,-14.998,1,0.0307,0.525,4.22e-06,0.145,0.557,94.1,214400,4
105,59zdhVoWxSoHMc74n098Re,David Crosby,214400,57ZIrxCXkmZ82u3pLZfKwv,Carry Me,30,21Ib9p6CPmysyoRG55DlgT,Wind On The Water,1975,album,0.686,0.28,4,-14.998,1,0.0307,0.525,4.22e-06,0.145,0.557,94.1,214400,4
106,2E6Roj0oQnJIm2BeXwDica,Graham Nash,214400,57ZIrxCXkmZ82u3pLZfKwv,Carry Me,30,21Ib9p6CPmysyoRG55DlgT,Wind On The Water,1975,album,0.686,0.28,4,-14.998,1,0.0307,0.525,4.22e-06,0.145,0.557,94.1,214400,4
107,2E6Roj0oQnJIm2BeXwDica,Graham Nash,214400,57ZIrxCXkmZ82u3pLZfKwv,Carry Me,30,21Ib9p6CPmysyoRG55DlgT,Wind On The Water,1975,album,0.686,0.28,4,-14.998,1,0.0307,0.525,4.22e-06,0.145,0.557,94.1,214400,4
108,59zdhVoWxSoHMc74n098Re,David Crosby,196160,3mZLpsN5k2h9DSKDMkHF17,Mama Lion,12,21Ib9p6CPmysyoRG55DlgT,Wind On The Water,1975,album,0.48,0.62,4,-10.592,0,0.0432,0.423,0.00803,0.11,0.556,125.519,196160,3
109,59zdhVoWxSoHMc74n098Re,David Crosby,196160,3mZLpsN5k2h9DSKDMkHF17,Mama Lion,12,21Ib9p6CPmysyoRG55DlgT,Wind On The Water,1975,album,0.48,0.62,4,-10.592,0,0.0432,0.423,0.00803,0.11,0.556,125.519,196160,3
110,2E6Roj0oQnJIm2BeXwDica,Graham Nash,196160,3mZLpsN5k2h9DSKDMkHF17,Mama Lion,12,21Ib9p6CPmysyoRG55DlgT,Wind On The Water,1975,album,0.48,0.62,4,-10.592,0,0.0432,0.423,0.00803,0.11,0.556,125.519,196160,3
111,2E6Roj0oQnJIm2BeXwDica,Graham Nash,196160,3mZLpsN5k2h9DSKDMkHF17,Mama Lion,12,21Ib9p6CPmysyoRG55DlgT,Wind On The Water,1975,album,0.48,0.62,4,-10.592,0,0.0432,0.423,0.00803,0.11,0.556,125.519,196160,3
112,59zdhVoWxSoHMc74n098Re,David Crosby,160373,38yCtj0i7sMDeB8ZuMezre,Bittersweet,14,21Ib9p6CPmysyoRG55DlgT,Wind On The Water,1975,album,0.407,0.356,5,-12.471,1,0.0276,0.896,0.000775,0.151,0.25,131.409,160373,3
113,59zdhVoWxSoHMc74n098Re,David Crosby,160373,38yCtj0i7sMDeB8ZuMezre,Bittersweet,14,21Ib9p6CPmysyoRG55DlgT,Wind On The Water,1975,album,0.407,0.356,5,-12.471,1,0.0276,0.896,0.000775,0.151,0.25,131.409,160373,3
114,2E6Roj0oQnJIm2BeXwDica,Graham Nash,160373,38yCtj0i7sMDeB8ZuMezre,Bittersweet,14,21Ib9p6CPmysyoRG55DlgT,Wind On The Water,1975,album,0.407,0.356,5,-12.471,1,0.0276,0.896,0.000775,0.151,0.25,131.409,160373,3
115,2E6Roj0oQnJIm2BeXwDica,Graham Nash,160373,38yCtj0i7sMDeB8ZuMezre,Bittersweet,14,21Ib9p6CPmysyoRG55DlgT,Wind On The Water,1975,album,0.407,0.356,5,-12.471,1,0.0276,0.896,0.000775,0.151,0.25,131.409,160373,3
116,59zdhVoWxSoHMc74n098Re,David Crosby,203426,3k8BbAPMdVIkAHL8PnzSOa,Take The Money And Run,14,21Ib9p6CPmysyoRG55DlgT,Wind On The Water,1975,album,0.508,0.61,2,-10.054,1,0.0265,0.66,0.0338,0.0863,0.628,91.57,203427,4
117,59zdhVoWxSoHMc74n098Re,David Crosby,203426,3k8BbAPMdVIkAHL8PnzSOa,Take The Money And Run,14,21Ib9p6CPmysyoRG55DlgT,Wind On The Water,1975,album,0.508,0.61,2,-10.054,1,0.0265,0.66,0.0338,0.0863,0.628,91.57,203427,4
118,2E6Roj0oQnJIm2BeXwDica,Graham Nash,203426,3k8BbAPMdVIkAHL8PnzSOa,Take The Money And Run,14,21Ib9p6CPmysyoRG55DlgT,Wind On The Water,1975,album,0.508,0.61,2,-10.054,1,0.0265,0.66,0.0338,0.0863,0.628,91.57,203427,4
119,2E6Roj0oQnJIm2BeXwDica,Graham Nash,203426,3k8BbAPMdVIkAHL8PnzSOa,Take The Money And Run,14,21Ib9p6CPmysyoRG55DlgT,Wind On The Water,1975,album,0.508,0.61,2,-10.054,1,0.0265,0.66,0.0338,0.0863,0.628,91.57,203427,4
120,59zdhVoWxSoHMc74n098Re,David Crosby,149706,7cTPYeV86cOlTQbroa13wi,Naked In The Rain,17,21Ib9p6CPmysyoRG55DlgT,Wind On The Water,1975,album,0.629,0.222,7,-16.339,1,0.0268,0.78,0.000384,0.0907,0.358,84.995,149707,4
121,59zdhVoWxSoHMc74n098Re,David Crosby,149706,7cTPYeV86cOlTQbroa13wi,Naked In The Rain,17,21Ib9p6CPmysyoRG55DlgT,Wind On The Water,1975,album,0.629,0.222,7,-16.339,1,0.0268,0.78,0.000384,0.0907,0.358,84.995,149707,4
122,2E6Roj0oQnJIm2BeXwDica,Graham Nash,149706,7cTPYeV86cOlTQbroa13wi,Naked In The Rain,17,21Ib9p6CPmysyoRG55DlgT,Wind On The Water,1975,album,0.629,0.222,7,-16.339,1,0.0268,0.78,0.000384,0.0907,0.358,84.995,149707,4
123,2E6Roj0oQnJIm2BeXwDica,Graham Nash,149706,7cTPYeV86cOlTQbroa13wi,Naked In The Rain,17,21Ib9p6CPmysyoRG55DlgT,Wind On The Water,1975,album,0.629,0.222,7,-16.339,1,0.0268,0.78,0.000384,0.0907,0.358,84.995,149707,4
124,59zdhVoWxSoHMc74n098Re,David Crosby,290800,7u50RKiIcsC7shBXCwCOuf,Love Work Out,13,21Ib9p6CPmysyoRG55DlgT,Wind On The Water,1975,album,0.533,0.712,9,-9.474,0,0.0307,0.108,0.00235,0.254,0.611,82.658,290800,4
125,59zdhVoWxSoHMc74n098Re,David Crosby,290800,7u50RKiIcsC7shBXCwCOuf,Love Work Out,13,21Ib9p6CPmysyoRG55DlgT,Wind On The Water,1975,album,0.533,0.712,9,-9.474,0,0.0307,0.108,0.00235,0.254,0.611,82.658,290800,4
126,2E6Roj0oQnJIm2BeXwDica,Graham Nash,290800,7u50RKiIcsC7shBXCwCOuf,Love Work Out,13,21Ib9p6CPmysyoRG55DlgT,Wind On The Water,1975,album,0.533,0.712,9,-9.474,0,0.0307,0.108,0.00235,0.254,0.611,82.658,290800,4
127,2E6Roj0oQnJIm2BeXwDica,Graham Nash,290800,7u50RKiIcsC7shBXCwCOuf,Love Work Out,13,21Ib9p6CPmysyoRG55DlgT,Wind On The Water,1975,album,0.533,0.712,9,-9.474,0,0.0307,0.108,0.00235,0.254,0.611,82.658,290800,4
128,59zdhVoWxSoHMc74n098Re,David Crosby,295293,7AbBsmovPru0x1VIOd93Od,Low Down Payment,8,21Ib9p6CPmysyoRG55DlgT,Wind On The Water,1975,album,0.372,0.486,7,-11.605,1,0.0382,0.567,0.0498,0.738,0.513,150.695,295293,4
129,59zdhVoWxSoHMc74n098Re,David Crosby,295293,7AbBsmovPru0x1VIOd93Od,Low Down Payment,8,21Ib9p6CPmysyoRG55DlgT,Wind On The Water,1975,album,0.372,0.486,7,-11.605,1,0.0382,0.567,0.0498,0.738,0.513,150.695,295293,4
130,2E6Roj0oQnJIm2BeXwDica,Graham Nash,295293,7AbBsmovPru0x1VIOd93Od,Low Down Payment,8,21Ib9p6CPmysyoRG55DlgT,Wind On The Water,1975,album,0.372,0.486,7,-11.605,1,0.0382,0.567,0.0498,0.738,0.513,150.695,295293,4
131,2E6Roj0oQnJIm2BeXwDica,Graham Nash,295293,7AbBsmovPru0x1VIOd93Od,Low Down Payment,8,21Ib9p6CPmysyoRG55DlgT,Wind On The Water,1975,album,0.372,0.486,7,-11.605,1,0.0382,0.567,0.0498,0.738,0.513,150.695,295293,4
132,59zdhVoWxSoHMc74n098Re,David Crosby,209200,1jobhfTHkGZVygcFFaKf8p,Cowboy Of Dreams,13,21Ib9p6CPmysyoRG55DlgT,Wind On The Water,1975,album,0.62,0.355,7,-11.726,1,0.0262,0.78,1.26e-06,0.188,0.498,107.471,209200,3
133,59zdhVoWxSoHMc74n098Re,David Crosby,209200,1jobhfTHkGZVygcFFaKf8p,Cowboy Of Dreams,13,21Ib9p6CPmysyoRG55DlgT,Wind On The Water,1975,album,0.62,0.355,7,-11.726,1,0.0262,0.78,1.26e-06,0.188,0.498,107.471,209200,3
134,2E6Roj0oQnJIm2BeXwDica,Graham Nash,209200,1jobhfTHkGZVygcFFaKf8p,Cowboy Of Dreams,13,21Ib9p6CPmysyoRG55DlgT,Wind On The Water,1975,album,0.62,0.355,7,-11.726,1,0.0262,0.78,1.26e-06,0.188,0.498,107.471,209200,3
135,2E6Roj0oQnJIm2BeXwDica,Graham Nash,209200,1jobhfTHkGZVygcFFaKf8p,Cowboy Of Dreams,13,21Ib9p6CPmysyoRG55DlgT,Wind On The Water,1975,album,0.62,0.355,7,-11.726,1,0.0262,0.78,1.26e-06,0.188,0.498,107.471,209200,3
136,59zdhVoWxSoHMc74n098Re,David Crosby,245840,4eAqWWbuI1vclRTBDWpvkc,Homeward Through The Haze,12,21Ib9p6CPmysyoRG55DlgT,Wind On The Water,1975,album,0.486,0.392,10,-11.276,1,0.0393,0.671,0.000766,0.101,0.253,110.155,245840,4
137,59zdhVoWxSoHMc74n098Re,David Crosby,245840,4eAqWWbuI1vclRTBDWpvkc,Homeward Through The Haze,12,21Ib9p6CPmysyoRG55DlgT,Wind On The Water,1975,album,0.486,0.392,10,-11.276,1,0.0393,0.671,0.000766,0.101,0.253,110.155,245840,4
138,2E6Roj0oQnJIm2BeXwDica,Graham Nash,245840,4eAqWWbuI1vclRTBDWpvkc,Homeward Through The Haze,12,21Ib9p6CPmysyoRG55DlgT,Wind On The Water,1975,album,0.486,0.392,10,-11.276,1,0.0393,0.671,0.000766,0.101,0.253,110.155,245840,4
139,2E6Roj0oQnJIm2BeXwDica,Graham Nash,245840,4eAqWWbuI1vclRTBDWpvkc,Homeward Through The Haze,12,21Ib9p6CPmysyoRG55DlgT,Wind On The Water,1975,album,0.486,0.392,10,-11.276,1,0.0393,0.671,0.000766,0.101,0.253,110.155,245840,4
140,59zdhVoWxSoHMc74n098Re,David Crosby,166826,1cprTMnmSYeLuSajilF4OT,Fieldworker,9,21Ib9p6CPmysyoRG55DlgT,Wind On The Water,1975,album,0.525,0.47,11,-11.015,0,0.034,0.371,0.0192,0.186,0.623,122.241,166827,3
141,59zdhVoWxSoHMc74n098Re,David Crosby,166826,1cprTMnmSYeLuSajilF4OT,Fieldworker,9,21Ib9p6CPmysyoRG55DlgT,Wind On The Water,1975,album,0.525,0.47,11,-11.015,0,0.034,0.371,0.0192,0.186,0.623,122.241,166827,3
142,2E6Roj0oQnJIm2BeXwDica,Graham Nash,166826,1cprTMnmSYeLuSajilF4OT,Fieldworker,9,21Ib9p6CPmysyoRG55DlgT,Wind On The Water,1975,album,0.525,0.47,11,-11.015,0,0.034,0.371,0.0192,0.186,0.623,122.241,166827,3
143,2E6Roj0oQnJIm2BeXwDica,Graham Nash,166826,1cprTMnmSYeLuSajilF4OT,Fieldworker,9,21Ib9p6CPmysyoRG55DlgT,Wind On The Water,1975,album,0.525,0.47,11,-11.015,0,0.034,0.371,0.0192,0.186,0.623,122.241,166827,3
144,59zdhVoWxSoHMc74n098Re,David Crosby,330280,3DvKV97cdnE2GDipObiHD9,Critical Mass/Wind On The Water,20,21Ib9p6CPmysyoRG55DlgT,Wind On The Water,1975,album,0.412,0.21,1,-14.082,0,0.0309,0.9,0.00605,0.132,0.137,107.814,330281,4
145,59zdhVoWxSoHMc74n098Re,David Crosby,330280,3DvKV97cdnE2GDipObiHD9,Critical Mass/Wind On The Water,20,21Ib9p6CPmysyoRG55DlgT,Wind On The Water,1975,album,0.412,0.21,1,-14.082,0,0.0309,0.9,0.00605,0.132,0.137,107.814,330281,4
146,2E6Roj0oQnJIm2BeXwDica,Graham Nash,330280,3DvKV97cdnE2GDipObiHD9,Critical Mass/Wind On The Water,20,21Ib9p6CPmysyoRG55DlgT,Wind On The Water,1975,album,0.412,0.21,1,-14.082,0,0.0309,0.9,0.00605,0.132,0.137,107.814,330281,4
147,2E6Roj0oQnJIm2BeXwDica,Graham Nash,330280,3DvKV97cdnE2GDipObiHD9,Critical Mass/Wind On The Water,20,21Ib9p6CPmysyoRG55DlgT,Wind On The Water,1975,album,0.412,0.21,1,-14.082,0,0.0309,0.9,0.00605,0.132,0.137,107.814,330281,4
148,2E6Roj0oQnJIm2BeXwDica,Graham Nash,236213,7clQKmDN3qnabOJBAUqWEU,Southbound Train,21,7bMQJ1y3LGoj3vbID2JwCP,Graham Nash & David Crosby,1972,album,0.572,0.307,5,-13.292,1,0.0255,0.159,3.5e-06,0.139,0.438,102.266,236213,3
149,2E6Roj0oQnJIm2BeXwDica,Graham Nash,236213,7clQKmDN3qnabOJBAUqWEU,Southbound Train,21,7bMQJ1y3LGoj3vbID2JwCP,Graham Nash & David Crosby,1972,album,0.572,0.307,5,-13.292,1,0.0255,0.159,3.5e-06,0.139,0.438,102.266,236213,3
150,59zdhVoWxSoHMc74n098Re,David Crosby,236213,7clQKmDN3qnabOJBAUqWEU,Southbound Train,21,7bMQJ1y3LGoj3vbID2JwCP,Graham Nash & David Crosby,1972,album,0.572,0.307,5,-13.292,1,0.0255,0.159,3.5e-06,0.139,0.438,102.266,236213,3
151,59zdhVoWxSoHMc74n098Re,David Crosby,236213,7clQKmDN3qnabOJBAUqWEU,Southbound Train,21,7bMQJ1y3LGoj3vbID2JwCP,Graham Nash & David Crosby,1972,album,0.572,0.307,5,-13.292,1,0.0255,0.159,3.5e-06,0.139,0.438,102.266,236213,3
152,2E6Roj0oQnJIm2BeXwDica,Graham Nash,273080,3yDhTuk0q5kAIuXMAFsGr6,Whole Cloth,15,7bMQJ1y3LGoj3vbID2JwCP,Graham Nash & David Crosby,1972,album,0.534,0.418,9,-9.309,0,0.0436,0.555,0.00217,0.121,0.227,91.649,273080,4
153,2E6Roj0oQnJIm2BeXwDica,Graham Nash,273080,3yDhTuk0q5kAIuXMAFsGr6,Whole Cloth,15,7bMQJ1y3LGoj3vbID2JwCP,Graham Nash & David Crosby,1972,album,0.534,0.418,9,-9.309,0,0.0436,0.555,0.00217,0.121,0.227,91.649,273080,4
154,59zdhVoWxSoHMc74n098Re,David Crosby,273080,3yDhTuk0q5kAIuXMAFsGr6,Whole Cloth,15,7bMQJ1y3LGoj3vbID2JwCP,Graham Nash & David Crosby,1972,album,0.534,0.418,9,-9.309,0,0.0436,0.555,0.00217,0.121,0.227,91.649,273080,4
155,59zdhVoWxSoHMc74n098Re,David Crosby,273080,3yDhTuk0q5kAIuXMAFsGr6,Whole Cloth,15,7bMQJ1y3LGoj3vbID2JwCP,Graham Nash & David Crosby,1972,album,0.534,0.418,9,-9.309,0,0.0436,0.555,0.00217,0.121,0.227,91.649,273080,4
156,2E6Roj0oQnJIm2BeXwDica,Graham Nash,57226,0o7rQ23n1DGCqEDuYZWzAo,Blacknotes,13,7bMQJ1y3LGoj3vbID2JwCP,Graham Nash & David Crosby,1972,album,0.389,0.393,1,-15.523,1,0.105,0.961,1.43e-05,0.675,0.467,159.747,57227,4
157,2E6Roj0oQnJIm2BeXwDica,Graham Nash,57226,0o7rQ23n1DGCqEDuYZWzAo,Blacknotes,13,7bMQJ1y3LGoj3vbID2JwCP,Graham Nash & David Crosby,1972,album,0.389,0.393,1,-15.523,1,0.105,0.961,1.43e-05,0.675,0.467,159.747,57227,4
158,59zdhVoWxSoHMc74n098Re,David Crosby,57226,0o7rQ23n1DGCqEDuYZWzAo,Blacknotes,13,7bMQJ1y3LGoj3vbID2JwCP,Graham Nash & David Crosby,1972,album,0.389,0.393,1,-15.523,1,0.105,0.961,1.43e-05,0.675,0.467,159.747,57227,4
159,59zdhVoWxSoHMc74n098Re,David Crosby,57226,0o7rQ23n1DGCqEDuYZWzAo,Blacknotes,13,7bMQJ1y3LGoj3vbID2JwCP,Graham Nash & David Crosby,1972,album,0.389,0.393,1,-15.523,1,0.105,0.961,1.43e-05,0.675,0.467,159.747,57227,4
160,2E6Roj0oQnJIm2BeXwDica,Graham Nash,145933,2lL1HYpV5PcpICxITkJECn,Strangers Room,16,7bMQJ1y3LGoj3vbID2JwCP,Graham Nash & David Crosby,1972,album,0.416,0.436,2,-10.159,0,0.0298,0.76,0.00109,0.0961,0.291,144.058,145933,4
161,2E6Roj0oQnJIm2BeXwDica,Graham Nash,145933,2lL1HYpV5PcpICxITkJECn,Strangers Room,16,7bMQJ1y3LGoj3vbID2JwCP,Graham Nash & David Crosby,1972,album,0.416,0.436,2,-10.159,0,0.0298,0.76,0.00109,0.0961,0.291,144.058,145933,4
162,59zdhVoWxSoHMc74n098Re,David Crosby,145933,2lL1HYpV5PcpICxITkJECn,Strangers Room,16,7bMQJ1y3LGoj3vbID2JwCP,Graham Nash & David Crosby,1972,album,0.416,0.436,2,-10.159,0,0.0298,0.76,0.00109,0.0961,0.291,144.058,145933,4
163,59zdhVoWxSoHMc74n098Re,David Crosby,145933,2lL1HYpV5PcpICxITkJECn,Strangers Room,16,7bMQJ1y3LGoj3vbID2JwCP,Graham Nash & David Crosby,1972,album,0.416,0.436,2,-10.159,0,0.0298,0.76,0.00109,0.0961,0.291,144.058,145933,4
164,2E6Roj0oQnJIm2BeXwDica,Graham Nash,201760,60hwfBfoirDNHblIj2nVqr,Where Will I Be?,24,7bMQJ1y3LGoj3vbID2JwCP,Graham Nash & David Crosby,1972,album,0.294,0.0315,9,-12.768,1,0.0341,0.922,0.000168,0.236,0.141,89.048,201760,4
165,2E6Roj0oQnJIm2BeXwDica,Graham Nash,201760,60hwfBfoirDNHblIj2nVqr,Where Will I Be?,24,7bMQJ1y3LGoj3vbID2JwCP,Graham Nash & David Crosby,1972,album,0.294,0.0315,9,-12.768,1,0.0341,0.922,0.000168,0.236,0.141,89.048,201760,4
166,59zdhVoWxSoHMc74n098Re,David Crosby,201760,60hwfBfoirDNHblIj2nVqr,Where Will I Be?,24,7bMQJ1y3LGoj3vbID2JwCP,Graham Nash & David Crosby,1972,album,0.294,0.0315,9,-12.768,1,0.0341,0.922,0.000168,0.236,0.141,89.048,201760,4
167,59zdhVoWxSoHMc74n098Re,David Crosby,201760,60hwfBfoirDNHblIj2nVqr,Where Will I Be?,24,7bMQJ1y3LGoj3vbID2JwCP,Graham Nash & David Crosby,1972,album,0.294,0.0315,9,-12.768,1,0.0341,0.922,0.000168,0.236,0.141,89.048,201760,4
168,2E6Roj0oQnJIm2BeXwDica,Graham Nash,173880,761vjqnK9hwLzumkefrbHc,Page 43,23,7bMQJ1y3LGoj3vbID2JwCP,Graham Nash & David Crosby,1972,album,0.647,0.263,4,-9.414,1,0.0295,0.496,0.000652,0.168,0.0777,105.512,173880,4
169,2E6Roj0oQnJIm2BeXwDica,Graham Nash,173880,761vjqnK9hwLzumkefrbHc,Page 43,23,7bMQJ1y3LGoj3vbID2JwCP,Graham Nash & David Crosby,1972,album,0.647,0.263,4,-9.414,1,0.0295,0.496,0.000652,0.168,0.0777,105.512,173880,4
170,59zdhVoWxSoHMc74n098Re,David Crosby,173880,761vjqnK9hwLzumkefrbHc,Page 43,23,7bMQJ1y3LGoj3vbID2JwCP,Graham Nash & David Crosby,1972,album,0.647,0.263,4,-9.414,1,0.0295,0.496,0.000652,0.168,0.0777,105.512,173880,4
171,59zdhVoWxSoHMc74n098Re,David Crosby,173880,761vjqnK9hwLzumkefrbHc,Page 43,23,7bMQJ1y3LGoj3vbID2JwCP,Graham Nash & David Crosby,1972,album,0.647,0.263,4,-9.414,1,0.0295,0.496,0.000652,0.168,0.0777,105.512,173880,4
172,2E6Roj0oQnJIm2BeXwDica,Graham Nash,138826,7e6dZ8FOY1VFG1nHY7OUK9,Frozen Smiles,19,7bMQJ1y3LGoj3vbID2JwCP,Graham Nash & David Crosby,1972,album,0.54,0.879,11,-6.168,1,0.0686,0.35,0.0,0.042,0.932,179.26,138827,4
173,2E6Roj0oQnJIm2BeXwDica,Graham Nash,138826,7e6dZ8FOY1VFG1nHY7OUK9,Frozen Smiles,19,7bMQJ1y3LGoj3vbID2JwCP,Graham Nash & David Crosby,1972,album,0.54,0.879,11,-6.168,1,0.0686,0.35,0.0,0.042,0.932,179.26,138827,4
174,59zdhVoWxSoHMc74n098Re,David Crosby,138826,7e6dZ8FOY1VFG1nHY7OUK9,Frozen Smiles,19,7bMQJ1y3LGoj3vbID2JwCP,Graham Nash & David Crosby,1972,album,0.54,0.879,11,-6.168,1,0.0686,0.35,0.0,0.042,0.932,179.26,138827,4
175,59zdhVoWxSoHMc74n098Re,David Crosby,138826,7e6dZ8FOY1VFG1nHY7OUK9,Frozen Smiles,19,7bMQJ1y3LGoj3vbID2JwCP,Graham Nash & David Crosby,1972,album,0.54,0.879,11,-6.168,1,0.0686,0.35,0.0,0.042,0.932,179.26,138827,4
176,2E6Roj0oQnJIm2BeXwDica,Graham Nash,239733,6WcqUu3Kd98G6TNfh6FR3t,Games,13,7bMQJ1y3LGoj3vbID2JwCP,Graham Nash & David Crosby,1972,album,0.393,0.297,4,-13.45,0,0.0364,0.764,0.00555,0.0996,0.234,182.57,239733,3
177,2E6Roj0oQnJIm2BeXwDica,Graham Nash,239733,6WcqUu3Kd98G6TNfh6FR3t,Games,13,7bMQJ1y3LGoj3vbID2JwCP,Graham Nash & David Crosby,1972,album,0.393,0.297,4,-13.45,0,0.0364,0.764,0.00555,0.0996,0.234,182.57,239733,3
178,59zdhVoWxSoHMc74n098Re,David Crosby,239733,6WcqUu3Kd98G6TNfh6FR3t,Games,13,7bMQJ1y3LGoj3vbID2JwCP,Graham Nash & David Crosby,1972,album,0.393,0.297,4,-13.45,0,0.0364,0.764,0.00555,0.0996,0.234,182.57,239733,3
179,59zdhVoWxSoHMc74n098Re,David Crosby,239733,6WcqUu3Kd98G6TNfh6FR3t,Games,13,7bMQJ1y3LGoj3vbID2JwCP,Graham Nash & David Crosby,1972,album,0.393,0.297,4,-13.45,0,0.0364,0.764,0.00555,0.0996,0.234,182.57,239733,3
180,2E6Roj0oQnJIm2BeXwDica,Graham Nash,205720,6B2AX2S4g1UMupvfAfjaPy,Girl to Be on My Mind,14,7bMQJ1y3LGoj3vbID2JwCP,Graham Nash & David Crosby,1972,album,0.511,0.401,9,-10.073,1,0.0298,0.747,0.103,0.117,0.161,124.252,205720,4
181,2E6Roj0oQnJIm2BeXwDica,Graham Nash,205720,6B2AX2S4g1UMupvfAfjaPy,Girl to Be on My Mind,14,7bMQJ1y3LGoj3vbID2JwCP,Graham Nash & David Crosby,1972,album,0.511,0.401,9,-10.073,1,0.0298,0.747,0.103,0.117,0.161,124.252,205720,4
182,59zdhVoWxSoHMc74n098Re,David Crosby,205720,6B2AX2S4g1UMupvfAfjaPy,Girl to Be on My Mind,14,7bMQJ1y3LGoj3vbID2JwCP,Graham Nash & David Crosby,1972,album,0.511,0.401,9,-10.073,1,0.0298,0.747,0.103,0.117,0.161,124.252,205720,4
183,59zdhVoWxSoHMc74n098Re,David Crosby,205720,6B2AX2S4g1UMupvfAfjaPy,Girl to Be on My Mind,14,7bMQJ1y3LGoj3vbID2JwCP,Graham Nash & David Crosby,1972,album,0.511,0.401,9,-10.073,1,0.0298,0.747,0.103,0.117,0.161,124.252,205720,4
184,2E6Roj0oQnJIm2BeXwDica,Graham Nash,265906,4k2UPnHr1JGCMibDdrGhlT,The Wall Song,16,7bMQJ1y3LGoj3vbID2JwCP,Graham Nash & David Crosby,1972,album,0.36,0.625,2,-7.567,1,0.0584,0.381,0.0,0.146,0.526,175.629,265907,4
185,2E6Roj0oQnJIm2BeXwDica,Graham Nash,265906,4k2UPnHr1JGCMibDdrGhlT,The Wall Song,16,7bMQJ1y3LGoj3vbID2JwCP,Graham Nash & David Crosby,1972,album,0.36,0.625,2,-7.567,1,0.0584,0.381,0.0,0.146,0.526,175.629,265907,4
186,59zdhVoWxSoHMc74n098Re,David Crosby,265906,4k2UPnHr1JGCMibDdrGhlT,The Wall Song,16,7bMQJ1y3LGoj3vbID2JwCP,Graham Nash & David Crosby,1972,album,0.36,0.625,2,-7.567,1,0.0584,0.381,0.0,0.146,0.526,175.629,265907,4
187,59zdhVoWxSoHMc74n098Re,David Crosby,265906,4k2UPnHr1JGCMibDdrGhlT,The Wall Song,16,7bMQJ1y3LGoj3vbID2JwCP,Graham Nash & David Crosby,1972,album,0.36,0.625,2,-7.567,1,0.0584,0.381,0.0,0.146,0.526,175.629,265907,4
188,2E6Roj0oQnJIm2BeXwDica,Graham Nash,178906,0h42VIet3DT9QNQzSnILTh,Immigration Man,36,7bMQJ1y3LGoj3vbID2JwCP,Graham Nash & David Crosby,1972,album,0.491,0.887,7,-7.433,1,0.0449,0.25,0.0,0.221,0.694,87.998,178907,4
189,2E6Roj0oQnJIm2BeXwDica,Graham Nash,178906,0h42VIet3DT9QNQzSnILTh,Immigration Man,36,7bMQJ1y3LGoj3vbID2JwCP,Graham Nash & David Crosby,1972,album,0.491,0.887,7,-7.433,1,0.0449,0.25,0.0,0.221,0.694,87.998,178907,4
190,59zdhVoWxSoHMc74n098Re,David Crosby,178906,0h42VIet3DT9QNQzSnILTh,Immigration Man,36,7bMQJ1y3LGoj3vbID2JwCP,Graham Nash & David Crosby,1972,album,0.491,0.887,7,-7.433,1,0.0449,0.25,0.0,0.221,0.694,87.998,178907,4
191,59zdhVoWxSoHMc74n098Re,David Crosby,178906,0h42VIet3DT9QNQzSnILTh,Immigration Man,36,7bMQJ1y3LGoj3vbID2JwCP,Graham Nash & David Crosby,1972,album,0.491,0.887,7,-7.433,1,0.0449,0.25,0.0,0.221,0.694,87.998,178907,4
